{
  "oldParams": true,
  "wave_type": 0,
  "p_env_attack": 0,
  "p_env_sustain": 0.7602826257637654,
  "p_env_punch": 0.04802187842938044,
  "p_env_decay": 0.619053188328325,
  "p_base_freq": 0.25,
  "p_freq_limit": 0,
  "p_freq_ramp": 0.363,
  "p_freq_dramp": 0.167,
  "p_vib_strength": 0.593,
  "p_vib_speed": 1,
  "p_arp_mod": 0.52,
  "p_arp_speed": 0.6733610622516638,
  "p_duty": 0.9663848814640815,
  "p_duty_ramp": 0.225,
  "p_repeat_speed": 0,
  "p_pha_offset": 0,
  "p_pha_ramp": 0.01,
  "p_lpf_freq": 0.172,
  "p_lpf_ramp": 0.29280534020763493,
  "p_lpf_resonance": 1,
  "p_hpf_freq": 0,
  "p_hpf_ramp": 0,
  "sound_vol": 0.25,
  "sample_rate": 44100,
  "sample_size": 8
}